{"cameraMode":{"drawMode":0,"name":"Shaded","section":"Shading Mode"},"sceneLighting":false,"audioPlay":false,"sceneViewState":{"showFog":true,"showMaterialUpdate":false,"showSkybox":true,"showFlares":true,"showImageEffects":true,"showParticleSystems":true},"in2DMode":false,"pivot":{"x":-0.054004669189453128,"y":-1.5026836395263672,"z":0.11796188354492188},"rotation":{"x":-0.06074113771319389,"y":0.9292082786560059,"z":-0.1771620512008667,"w":-0.31858474016189577},"size":7.696455001831055,"orthographic":false}